flag_name,n_customers,share_pct
HIGH_VALUE,18751,0.20085048951348572
FRICTION_RISK,93358,1.0
CHURN_SIGNAL,23489,0.25160136249705434
